add,comment_num,dev,download_num,grade,info,name,num,size,update_time,version
"<div id=""J_AdvBox"" class=""det-adv""></div>",0,深圳市悦动天下科技有限公司,7704万下载,4.8分,百度金熊奖、腾讯腾飞奖、36氪最佳跑步计步应用！过亿用户通过悦动圈养成了运动习惯！悦动圈-让运动更容易，用『红包』鼓励运动，用『游戏化的运动玩法』让你爱上运动！全民健走，共享骑行，在推进全民运动、全民健康的路上我们一直在努力！核心特色：-数据精准，多种运动模式任你选择支持健走、骑行、跑步、健身等多种记录模式，计步准确率高达95.8%准确率。-运动红包，每日运动就能拿红包每日健走、共享骑行、团队印花完成运动目标就能领红包。-趣味赛事，运动还可以这么玩独创7天健康挑战赛、健走闯关赛、团队印花赛等运动赛事，从未发现运动竟然如此有趣。-运动社区，热爱运动的人都在这里加入圈子、随时随地发现附近的运动达人，结交好友也能更容易。热门活动：7天健康挑战赛21天习惯养成赛健走闯关赛团队印花赛十公里挑战赛周一狂欢日PK抢红包#悦动圈，多一点运动，多一点健康#如需要帮助或获取更多信息，请关注或联系：微博：悦动圈微信公众号：悦动圈邮箱：bd@51yund.com,悦动圈,open_end,48.84M,"<div class=""det-othinfo-data"" id=""J_ApkPublishTime"" data-apkpublishtime=""1521103651""></div>",V3.1.2.9.958
"<div id=""J_AdvBox"" class=""det-adv""></div>",0,厦门美柚信息科技有限公司,394万下载,4.8分,"【原柚宝宝孕育正式更名为柚宝宝】求好孕，当妈咪，就用柚宝宝！千万妈妈的口碑推荐！权威的孕期管理工具，专业的萌宝成长助手，贴心的怀孕指南，帮你搞定有宝宝之后的那些事儿！● 柚宝宝，孕妈备孕神器App Store健康榜备受准妈妈青睐的孕期软件，超火爆的孕妈交流社区，分享宝贝成长的温馨瞬间。● 科学涨姿势，轻松做好妈从怀孕到育儿，科学知识每天播报，让你秒变育儿专家，助您成为内涵辣妈！● 超人气圈子，方便妈妈交流孕妈、辣妈们都爱的交流社区！求好孕、囤好货、涨姿势、学经验就往这里跑！#孕期监测，宝宝动态随时看#3D可视，模拟B超图像，陪伴宝贝成长#亲子相册，辣妈必备影像神器#一键上传，全家共享，帮宝宝从小打造私密亲友圈#母婴商城，宝妈用品放心购#妈妈囤每天上新，物美齐全的母婴用品，健康方便又放心。 #辣妈驾到，萌宝成长柚宝帮#宝妈的新手上路手册，了解宝宝发育情况和每日注意事项#宝妈学堂，宝妈知识快乐学#和千万宝妈一起分享关于宝宝的一切#实用工具，孕妈必备放心用#营养食谱孕期指南，产检提醒数据解释贴心的妈咪应用，还不火速下载？有宝宝，就用柚宝宝！",柚宝宝,open_end,40.76M,"<div class=""det-othinfo-data"" id=""J_ApkPublishTime"" data-apkpublishtime=""1518075710""></div>",V3.4.4
"<div id=""J_AdvBox"" class=""det-adv""></div>",0,北京新氧科技有限公司,499万下载,4.9分,"【整形别冲动，先问问新氧】1.腾讯视频《脱口秀大会》官方指定美容微整形APP，池子李诞张绍刚，变美都得靠新氧。2.新氧是腾讯双百计划重点孵化企业，是中国领先的微整社区和微整特卖平台！3.新氧与泰康在线、悟空保强强联合推出“氧气保”，变美更安全！4.周周免费整形福利，新用户注册即获1280元红包！5.亚太地区5000家医美机构实地考察，帮你找到真正口碑好医生！6.奇葩说辩手肖骁、姜思达倾情推荐的微整APP，安心有保障！【安全指南】 *百万案例* 真人变美日记，供您参考！ *先行赔付* 氧气保来了，安心变美送保险！ *在线预约* 微整特卖、价格透明，无任何隐形消费！*术后追踪* 真药检验，术后恢复护理建议，全程护航！ *圈子社交* 看直播，做主播，时尚达人带你聊聊变美那点事！加入新氧美容APP ，遇见美丽的自己，遇见美好的他！~",新氧美容,open_end,54.05M,"<div class=""det-othinfo-data"" id=""J_ApkPublishTime"" data-apkpublishtime=""1521457134""></div>",V7.2.0
"<div id=""J_AdvBox"" class=""det-adv""></div>",0,北京嘉嘉康康科技有限公司,704万下载,4.7分,"体检宝-手机测量血压、视力、心率、听力、情绪、血氧无需购买 Apple Watch,  Apple Watch有的，体检宝都有，Apple Watch 没有的，体检宝也有！无需任何外设，通过手机直接测量：【心率】 【连续动态实时心率】【血压】 【血氧】 【血压粘度】【视力】 【听力】 【呼吸频率】【情绪】 【心理】 【肺活量】每天可以领取健康币，3天就可以兑换礼品，所有礼品均不收任何费用+包邮。新增加手环、美甲七件套装、抱枕、购物袋、保健杯等兑换的奖品。【数据可靠】通过大量的用户验证：1.心率适用范围在50~150之间，误差在 正负3以内2.血压对92%以上用户，误差在正负12以内3.血氧对95%以上用户，误差在正负2以内4.高血脂的识别度和准确度80%以上【功能介绍】1.  通过手机测量用户的血压、心率、视力、听力、肺活量、心理指数、色盲等身体数据。2. 通过蓝牙血压计、蓝牙手环、蓝牙体脂秤、蓝牙心电仪 测量身体数据。3. 统计用户每天的健康数据，给出统计和趋势分析。4. 无需穿戴设备，超便捷计步。5. 七分钟锻炼、六块腹肌训练、臀部训练、腿部训练、眼保健操、减肥操、降压操等各种游戏化的交互式训练方案，统计管理每天的运动量和运动类型。",体检宝测血压视力心率,open_end,10.25M,"<div class=""det-othinfo-data"" id=""J_ApkPublishTime"" data-apkpublishtime=""1515408243""></div>",V3.6.8
"<div id=""J_AdvBox"" class=""det-adv""></div>",0,北京减脂时代科技有限公司,372万下载,5分,"【减约，适合这样的你】有自我管理意识和减脂需求的你。【你曾经遇到的问题】- 找不到适合自己的减肥方法- 具备一定的减脂知识，但不知如何制定系统的减脂计划- 想要提高减脂效率，却遇到瓶颈或者反弹的问题【减约，帮你解决问题】- 科学管理体系量身定制，最适合的饮食运动计划，全面的数据反馈，便于自我管理。- 智能减脂工具用语音或者图片来查询/记录饮食和运动，更方便快捷，让减脂更直观。- 权威专业测评以身体数据、饮食结构、运动习惯为依据，准确发现身体潜在健康风险，提出改善方案。- 详尽专家解读减约专家1对1在线指导，答疑，不出门也能享受专家服务。- 多元化减脂服务AI瘦腰；户外跑走燃脂；T20急速燃脂，D28高效燃脂，轻食等多种减脂方案供选择。- 新增线上减脂营28天，每天一顿饭钱，即可享受督导，运动教练和营养专家的陪伴式服务，快速享瘦。- 火热减肥社区有海量干货，运动视频，减脂食谱等，还能和达人互动分享，畅谈减肥乐趣。#遇见减约，爱上完美自己！#了解我们：官网 www.jianzhishidai.cn减脂干货：微信公众号——减约说瘦身猛戳：新浪微博——@减约说贴心陪伴：减约嘀咔QQ号——3124812532",减约,open_end,66.14M,"<div class=""det-othinfo-data"" id=""J_ApkPublishTime"" data-apkpublishtime=""1518415573""></div>",V4.0
"<div id=""J_AdvBox"" class=""det-adv""></div>",0,互动峰科技（北京）有限公司,645万下载,4.8分,"好医生在线是一款建立患者出院后的随访平台的APP，用来管理患者的恢复过程。它的目的是提高治疗效果，控制风险，减少复发，提高患者的生活质量，增加长期，病人对医院的忠诚度与口碑。为后续业务好大夫在线，数据管理系统的独立发展，和移动应用平台，协助医生收集、组织的长期随访数据，积累研究资料，从医学专家的认可和全国各地数以百万计的患者的信任，这是做好医生很重要所有的在线运营团队。好大夫在线将尽其所能携带的负担，认真提供具有社会价值的医院医疗服务，促进医患和谐，为解决中国“看病难”、“寻医难”找到有效的通途。　　好大夫在线，9年专业的医疗服务经验，11年服务超过3600万患者！帮您找到全国最牛的医生看病,为你解决看病难题，让医疗真正为你服务！下载好大夫在线，把协和医院、301医院等全国著名三甲医院的16万医生装进口袋。一部手机解决看病难题。 功能介绍【快速寻医】　　1.汇集协和医院等全国著名三甲医院的儿科、妇产科、骨科、中医、营养等常见科室，找到最合适你的医生答疑解惑，轻松操作即可提交病情　　2.即时更新的医生出/停诊信息，就医有参考，避免白跑路3.160万患友分享就医经验，帮你找到好大夫找对好大夫 【在线问诊】全国三甲医院顶级专家本人回复患者提问，图文、电话、视频形式任选。图文问诊不限次交流，让您与医生更好沟通	免费咨询：网上免费提问，看病前的困惑、看病后的犹豫都可以得到医生的回复	电话咨询义诊：全国知名专家长期义诊，电话直联专家本人，获得权威建议	预约转诊：病情优先制的转诊系统，免费服务，把最需要的号给最需要的你【院后管理】　　1.保持联络：扫描医生的二维码，出院在家也能与医生保持联络　　2.用药指导：上传用药资料，专业医生为你提供个性化的用药指导       3.文章科普：医生撰写文章，科普知识，教你认识疾病，了解疾病才能预防病，治好病【在线开药】医生网上开处方，药品配送到家【专家手术】全国顶级专家到当地为患者手术，享当地医保，省钱省心【家庭医生】专家级医生提供全程疾病管理，长期服务【好大夫VIP】尊享8大特权，生病有人管，全程为您安排",好大夫在线,open_end,36.26M,"<div class=""det-othinfo-data"" id=""J_ApkPublishTime"" data-apkpublishtime=""1521560806""></div>",V5.6.9
"<div id=""J_AdvBox"" class=""det-adv""></div>",0,爱肤宝（上海）信息科技有限公司,99万下载,5分,"皮肤宝，一个智能测肤、祛痘护肤药妆分享平台。2017年12月21日，皮肤宝、美图秀秀、上海市皮肤病医院在北京召开发布会，共同发布人工智能最新成果AI智能测肤及《2017中国女性皮肤问题研究报告》，帮助更多的用户轻松掌握自己的肤质、肤色、肤龄、痘痘、黑眼圈、黑头等皮肤问题的状况，定制适合自己的护肤方案，实现从虚拟的美（美图）到现实的美（更美更健康）。其实绝大部分皮肤问题通过图片的方式可让医生做出准确的判断。从而给出权威有效的治疗方案。皮肤宝汇聚数千名皮肤病方面专家。皮肤宝希望通过公立医院的医生、专家们的服务能够惠及更多的用户，如果您有这方面的需求，赶快下载皮肤宝把！【产品特色】1.知名专家：汇聚国内知名三甲医院皮肤科专家，皮肤问题即刻解决，咨询专家更容易。2.认证医生：全部为“实名认证”的公立医院医生，专业、可靠、安全、放心。3.图文问诊：手机拍张照片，足不出户皮肤问题轻松解决。4.公开问诊：用户可以发帖问诊, 通过发帖就可以咨询专家大牌医生。5.药妆商城：精准药妆匹配，通过药妆商城，购买优惠药妆。6.智能测肤：美图影像人工智能实验室黑科技，一键拍照测肤，轻松掌握肤质状况，定制适合自己的护肤方案。",皮肤宝-AI测肤药妆护肤社区,open_end,19.31M,"<div class=""det-othinfo-data"" id=""J_ApkPublishTime"" data-apkpublishtime=""1519265914""></div>",V2.9.2
"<div id=""J_AdvBox"" class=""det-adv""></div>",0,广州大象健康科技有限公司,535万下载,5分,"健康猫，以运动为核心的健康产业大平台。健康猫，让运动更简单，和各体育运动项目世界冠军一起做运动。来健康猫跟有趣有料的伙伴们一起聊运动，做运动，随【主要功能】◆找教练：世界冠军、全国冠军都可以是你的私人教练，武术、健身健美、太极拳、游泳、跑步等60个私教项目任你挑选。◆健康商城：运动这事儿，没装备怎么行？健康商城上的产品，都是专业运动员推荐、运动达人精挑细选，品质有保证！ ◆运动馆：运动就在家门口。 线下各个小区中的运动生活馆内设有健身房、瑜伽室、理疗区、教学区、休闲区，更有世界冠军、健康专家通过对你的身体情况的评估，为你量身订制一套运动健康方案。◆小象运动：全国首款具有LBS随处可寻、手机扫码启动、定制个人运动处方、按分钟结算、健康数据跟踪等功能的智能共享跑步机。为用户提供检测，识别，处方，运动，反馈的整套运动解决方案。个人健康运动数据尽情掌握，实现随时随地运动。◆健康达人：健康猫推出专属达人身份，健康达人让你有身份，更出彩，申请成为健康猫达人，下一个网红就是你。◆喵村：有料又好玩的运动健康社群，每次来逛都不重样，可以加入你感兴趣的喵村社群，与有趣的人一起聊运动；",健康猫,open_end,64.83M,"<div class=""det-othinfo-data"" id=""J_ApkPublishTime"" data-apkpublishtime=""1520142351""></div>",V3.6.2
"<div id=""J_AdvBox"" class=""det-adv""></div>",0,东软熙康健康科技有限公司,229万下载,4.6分,"瘦瘦是一款健康瘦身减肥应用，2200万减肥用户的共同选择！全国减肥瘦身排名前列根据你的性别、身高、体重、年龄等资料;肥胖原因的评估结果;为你量身打造一套专业的健康减肥计划；对你的日常饮食进行一对一的指导；让你在日常走路、散步等运动中不知不觉甩掉脂肪。【怎样才能真的瘦下来？】『瘦瘦』根据你的性别、身高、体重、年龄等资料;为你量身定制个性化的减肥计划;从饮食、运动、生活习惯等各方面;助你成功减肥； 【想知道自己肥胖的原因？】 『瘦瘦』通过对你生活习惯的了解;找出你的肥胖原因； 【如何吃的饱还能瘦？】 『瘦瘦』为你提供多款个性化饮食方案;强大的食物能量查询功能更令你吃的放心。【雾霾天不适合户外运动怎么办？】『瘦瘦』为你提供丰富的室外及室内运动，运动减肥无处不在。【坚持不下来怎么办？】 『瘦瘦』可视化方案预测坚定你减肥的决心。贴心提醒功能不会让你为忘记找借口。 【减肥问题不知道问谁？】 『瘦瘦』助瘦专栏内容普及，私人减肥顾问服务随时为你答疑解惑。",瘦瘦-健康瘦身减肥顾问,open_end,27.62M,"<div class=""det-othinfo-data"" id=""J_ApkPublishTime"" data-apkpublishtime=""1520236889""></div>",V6.1.0
"<div id=""J_AdvBox"" class=""det-adv""></div>",0,深圳市三代人科技开发有限公司,1137万下载,4.9分,"宝宝打疫苗，就用小豆苗！全国用户数量多、覆盖范围广、使用频率高、受家长欢迎的宝宝打疫苗一站式服务平台。【核心功能-宝宝预防接种一站式服务】1、电子接种证 同步宝宝接种记录，已打疫苗、下针计划一目了然，手机随时查看接种信息2、接种提醒接种前自动提醒接种日期及种类，再也不会忘记打疫苗3、点对点通知接种点医生可对家长在线一对一发送门诊公告及通知、信息对等，省时省力4、疫苗库存查询家长可以在线查询对应门诊有无充足疫苗，家长不必因为门诊缺苗而白跑一趟。5、在线预约接种时段在线提前预约宝宝接种当天时段，减少排队等待时间，避免等待时交叉感染的风险6、接种咨询与反馈通过APP，接种前家长可咨询接种相关问题，接种后可以反馈接种情况及宝宝反映，本地医生在线回答相关咨询，提升服务满意度7、延迟接种家长可以通过“延期接种”功能，告知门诊医生无法前往接种的原因以及改期的日期，增加门诊医生的确定性，减少门诊医生因工作量大的漏通知、宝宝漏打疫苗现象。8、在线缴费家长通过APP快速支付，无需线下排队，减少现场支付找零时间。",小豆苗疫苗助手,open_end,10.11M,"<div class=""det-othinfo-data"" id=""J_ApkPublishTime"" data-apkpublishtime=""1521198715""></div>",V4.5.6
"<div id=""J_AdvBox"" class=""det-adv""></div>",0,北京春雨天下软件有限公司,798万下载,3.9分,"只要您将手机随身携带，自动记录每日运动量。轻量实用，简单清新-记录每天行走步数-自动测量卡路里消耗-步行高低峰实时显示-登陆后数据自动备份-好友竞赛，邀请大家一起走持续使用后台GPS会大大降低电池续航时间。Continued use of GPS running in the background can dramatically decrease battery life.【联系我们&问题反馈】微博：@春雨医生Email：feedback@chunyu.me",春雨计步器,open_end,6.1M,"<div class=""det-othinfo-data"" id=""J_ApkPublishTime"" data-apkpublishtime=""1512973660""></div>",V2.3.0
"<div id=""J_AdvBox"" class=""det-adv""></div>",0,北京维康恒美信息技术有限公司,362万下载,5分,"悦美，只做有品质的医疗美容 悦美微整形APP，小姐姐们都爱用为你带来安心的整形体验逛逛悦美你就会发现，这里有： --- 超多热门微整形项目，没准你的闺蜜比你先下手了！ --- 多到看不过来的的真实整形案例，看看效果再拨草~ --- 严选优质的整形医生，筛查医生的资质和经验 --- 还是担心和不知道该如何选择？进入悦美整形社区，有经验的小伙伴和医生会一起帮你出出主意 来悦美，活得漂亮，爱自己 欢迎联系我们： －微信公众号请关注：悦美APP －新浪微博新关注：悦美整形APP",悦美,open_end,32M,"<div class=""det-othinfo-data"" id=""J_ApkPublishTime"" data-apkpublishtime=""1520416928""></div>",V6.3.8.5
"<div id=""J_AdvBox"" class=""det-adv""></div>",0,广东壹号大药房连锁有限公司上海分公司,646万下载,4.8分,"海量用户正在使用的网上药店。1药网（前身1号药店、壹药网）获国家食品药品监督管理总局认证，是国内知名领先的手机药店，致力并提供专业、贴心、便捷的购药服务。1、 正品保证：首家“正品联盟”，超过500家知名医药健康产品厂商源头采购，品质保证。2、 品类齐全：商品超过140,000种，涵盖中西药品、维生素钙、滋补保健、隐形眼镜等。3、 优惠满满：便宜买好药，多形式的优惠让利，每月会员专享，始终为您准备惊喜。4、 专业服务：每天9:00~21:00专业用药在线咨询服务，帮您选对药、用对药。5、 名医在线：卫计委批准的互联网医院项目，三甲名医提供电话、视频问诊及电子处方。6、 闪电配送：当天下单，当天出库；北京、上海、广州等重点城市次日达。7、 快捷体验：快速找药、便捷支付，支持银联、支付宝、微信、货到付款等。8、 隐私保护：所有药品严格打包，杜绝泄露药品信息。",1药网,open_end,60.45M,"<div class=""det-othinfo-data"" id=""J_ApkPublishTime"" data-apkpublishtime=""1518161577""></div>",V5.2.2
"<div id=""J_AdvBox"" class=""det-adv""></div>",0,珠海三益堂科技有限公司,597万下载,4.6分,"「轻加」——减肥服务专家，一个神奇的瘦身APP适合你的瘦身方案都在这里  获得国民女神高圆圆青睐和投资，帮助数千万用户成功瘦身轻加让减肥更简单【轻加都有什么】·智能减肥工具记录体重、饮食、运动、查询热量，数据清晰看得见·专业丰富运动库不同难度的运动视频教程，由简入难，跟着做就能瘦·快手营养餐视频营养师为减肥人群定制的营养食谱，快手易操作，越吃越健康·量身定制瘦身计划 [new！] 职业人、学生党、辣妈帮，都可以一键定制专属瘦身计划，省心省时·24小时陪伴减肥服务减肥顾问全程在线指导，任何疑问都可以在线解答·优质减肥社区瘦身达人聚集地，分享励志故事、减肥心得，和小伙伴一起，想不瘦都难·海量减肥产品运动硬件、健康食品，编辑亲测，品质推荐，时髦又实用，看到就买得到·加速服务线上减肥营重要时刻，需要快快瘦？加入悦瘦营，督导、教练、营养师在线服务，承诺瘦身效果·奖金挑战减肥新玩法，付押金参与运动，督促自己，坚持下来就有奖励。",轻加减肥,open_end,42.29M,"<div class=""det-othinfo-data"" id=""J_ApkPublishTime"" data-apkpublishtime=""1519973143""></div>",V6.4.8
"<div id=""J_AdvBox"" class=""det-adv""></div>",0,西安瑜乐文化科技股份有限公司,547万下载,4.7分,"「每日瑜伽」官方APP— 你的专属瑜伽视频教练我是瑜伽小白，怎么破？-「10天入门系列（上下）」及10多种练习课程让你快速入门～上班好累，我怕坚持不下来？-「加入结伴」，系统将自动匹配yogi，和你一起组成小分队，一起练习，互相监督，互相鼓励～我以前练过瑜伽，但貌似没什么效果？-「参加全球独家维密系列」，Victoria\'s Secret Fashion Show中维密天使教练亲自编排计划，打造维密天使身材～国内瑜伽好像都一个样，动作体式都没差啊？-「参加名师课堂」海外瑜伽大师教练团队倾力打造，领略海外的瑜伽练习方式，不同的瑜伽文化～我天天练习瑜伽，我有一堆心得想要跟yogi分享？-「加入瑜乐圈」成为达人，分享你的瑜伽心得，诉说你的瑜伽故事，线上5000万用户和你一起互动，收获粉丝，沉淀经历～- 推荐精品练习「维密系列计划」、「名师课堂系列计划」、「极速瘦身计划」、「冥想系列」、「减压舒缓系列」 如果你需要更多精彩内容，请关注：微信公众号：「dailyyoga」微博官方账号：@每日瑜伽DailyYoga客服邮箱：supportios@dailyyoga.com商务合作：subin@dailyyoga.com",每日瑜伽,open_end,23.7M,"<div class=""det-othinfo-data"" id=""J_ApkPublishTime"" data-apkpublishtime=""1519955749""></div>",V6.4.5.2
"<div id=""J_AdvBox"" class=""det-adv""></div>",0,上海薄荷信息科技有限公司,441万下载,4.7分,"薄荷健康——减肥食谱、健身视频、卡路里计算减肥人手必备的App，无数减肥达人的聚集地；8000万减肥健身用户的选择，6次苹果首页推荐。用过的小伙伴说：Bblythe_96：来薄荷一个多月一直坚持合理膳食 运动，现在已经健康减重 10 斤，开始突飞猛进现在持续平台期，不过有你们在我就不怕停滞不前～我爱薄荷！ Sixtyh：因为薄荷才有了记录的习惯。这样的习惯是薄荷减重计划慢慢帮我培养起来的。很多的盲区知识点在薄荷都能找到答案。每天的提醒也让我在工作繁忙的时候更加懂得关心自己。很多成功例子每天也在鞭策着我。所以说它是好闺蜜一点都不跨张。我很感谢在我最需要的时候遇见薄荷。朕是你维爷：才来薄荷一个星期就已经可以控制住自己的口了，彻底爱上薄荷，170 身高 136 斤的女汉子坚持下来也是可以变成小清新的吧。每天陪娃睡觉时默默的守候着亲爱的薄荷，太喜欢这里，满满的正能量！！去年十月娃满 20 个月了，成功断奶后开始减肥，160 的身高，从 159 斤到现在 111 斤，还想努努力再减几斤，好好塑形。真的，30 岁后的我比从前更美，更爱自己！楚小妞儿：自从来了薄荷，认识好多贴心的小伙伴，去健身房也不会因为觉得孤单而坚持不下去了！也知道了好多好多健康减肥的知识，每天挥洒着汗水，看着身体的变化，相信自己一定能做到，不为别人，只为了自己！有效减肥，遵循科学，保障健康 ——为您专设健康模型，跟踪体重、围度等多维数据，持续优化减肥方案，健康有效  权威食物库，热量精确查，吃的明白 ——薄荷科学家8年来一直专注于中国食物库的精确与完善，百度、三星均采用薄荷数据 摄入和消耗便捷记录、科学分析，减肥高效 ——三餐热量随手记， HealthKit 记录即时同步，改善习惯更便捷；提供适合国人的高效燃脂的运动——薄荷有专业的健身团队，持续更新国际先进的运动方法，更自主研发符合国人体质的减肥训练 首屈一指的减肥社区，上千万人见证您的美丽蜕变 ——理解你的伙伴，有力的鼓励，激动人心的成功故事，海量的减肥经验 薄荷商店 ——减肥瘦身代餐、减脂健身饮食，全搞定！",薄荷健康,open_end,12.59M,"<div class=""det-othinfo-data"" id=""J_ApkPublishTime"" data-apkpublishtime=""1521449057""></div>",V6.1.3.2
"<div id=""J_AdvBox"" class=""det-adv""></div>",0,珠海健康云科技有限公司,257万下载,4.4分,"【快速问医生】三甲名医专家平均1分快速回答您的健康问题。6000万人首选的健康咨询APP。认真提供具有社会价值的医院医疗服务，促进医患和谐，为解决中国“看病难”、“寻医难”找到有效的通途。帮您找到全国最牛的医生看病,为你解决看病难题，让医疗真正为你服务！把协和医院、301医院等全国著名三甲医院的16万医生装进口袋。一部手机解决看病难题-----主要功能-----【在线问诊】---7 x 24小时随时在线---全国70000位执业医生全科覆盖---快速为你提供精准的健康咨询【语音搜索】---一说即应，省心省力---最智能最海量的健康搜索平台---语音查找疾病、药品等优质健康知识【家庭医生】---挑选您喜爱的私人医生---查看医生视频、好评率、患者印象和评价---获得个性化的医疗服务【病友社区】---超过500个病友群、40000位病友---超过19万医生可在线预约挂号---覆盖全国4690家医院【本地医疗】---实时查找附近医院、药店、医生、病友---获取周边更多健康服务【电子病历】---上传病历到云端，永不丢失，随时查看---再也不用在纸堆翻找病历 常见问题：1.怎么免费发帖咨询医生？　您好，在没有登陆用户名的前提下，点击免费提问，系统赠送以ask开头的用户名和密码，请妥善保管。提问成功后，医生通常会在10分钟内为您解答，您可以在个人中心--我的提问进入查看医生的回复。2.如何电话咨询医生？　　您好，电话咨询医生需要购买医生的服务才可进行，所有医生来自公立医院，取得了执业医师证件，患友可放心咨询。　　咨询费用：根据医生的职称分为10健康币/次、30健康币/次 （1健康币=1元），健康币需要通过移动手机话费、网银、支付宝充值方可。　　咨询步骤：免费注册会员--根据您的病情选择医生--进入医生个人网站购买服务--与医生通话　　咨询帮助：请联系客服人员协助。",快速问医生-三甲医生,open_end,13.89M,"<div class=""det-othinfo-data"" id=""J_ApkPublishTime"" data-apkpublishtime=""1520569663""></div>",V9.4.8
"<div id=""J_AdvBox"" class=""det-adv""></div>",0,华为软件技术有限公司,1460万下载,4.2分,"华为运动健康为你提供专业的运动记录与减脂塑型等训练课程，结合科学睡眠及健康服务，让你跑的更快更远，变得更健康。1. 携手哈佛医学院CDB中心，助你睡的更香配合华为穿戴设备，准确监测不同睡眠阶段（浅睡、深睡、快速眼动和清醒），提供科学的睡眠质量评估和改善建议。2. 摆脱时间地点与器械的限制，随时随地徒手健身精心设计“减脂塑型、跑步热身、办公室拉伸”等训练课程，你“口袋”中的健身教练。3. 走路、跑步、骑行运动记录精准低功耗计步，跑步轨迹、心率、步频、配速等运动数据一目了然。4. 跑步训练计划支持5公里到全马的在线训练计划，不管你是新手还是马拉松老将，都可以跑的比以往更快更远更安全。5. 血压、血糖、体重等健康指标管理国内外知名智能健康配件数据接入，帮你记录并多维度跟踪你的健康状况。6. 数据同步支持计步数据同步到微信运动、QQ运动、Jawbone UP、MyFitnessPal等第三方平台。7. 丰富的线上活动和运动健康知识8. 与华为穿戴APP数据整合，提供更完整、统一的运动健康服务。获取更多信息，请关注微信公众号[华为运动健康]",华为运动健康,open_end,88.51M,"<div class=""det-othinfo-data"" id=""J_ApkPublishTime"" data-apkpublishtime=""1518319287""></div>",V8.0.1.316
"<div id=""J_AdvBox"" class=""det-adv""></div>",0,挂号网（杭州）科技有限公司,409万下载,4.4分,"微医，系国家卫计委指定的全国就医指导平台，为患者提供全方位就医服务。通过微医，患者不仅能够随时随地进行在线问诊、挂号预约、手机候诊、远程取报告单，还能建立专属的健康档案，与医生紧密联系，查询疾病知识，结识病友伙伴。当前，微医已连接数千家三甲医院，全面覆盖全国27个省份，服务数十万医生及亿万患者，是国人健康咨询与挂号就医的不二之选，被很多用户视为挂号神器。* 预约挂号：挂号摆脱排队烦恼。微医连接了覆盖全国27个省份数千家三甲医院的挂号资源，用户登录微医，按照症状查找专家医生，轻松实现预约挂号；* 专家问诊：图文、电话、视频三剑合璧，实现患者与名医的远程沟通、在线诊疗，极大提高就医效率，正所谓足不出户看名医；* 患者报到：通过微医，患者可与医生建立联系，便于长期咨询、诊后随访、诊中关怀、用药调整等。* 免费咨询：微医集团提供免费的全科医生，为广大患者挂号前作疑难解答和基本的医疗知识援助。* 医言堂：汇聚名医和千万用户的医患社区。用圈子找到志同道合的人，交流就医经验，分享健康心得；还能与医生直接交流，获取帮助，学习专业的健康科普知识。",微医,open_end,35.65M,"<div class=""det-othinfo-data"" id=""J_ApkPublishTime"" data-apkpublishtime=""1518414040""></div>",V3.1.7
"<div id=""J_AdvBox"" class=""det-adv""></div>",0,上海好卓数据服务有限公司,543万下载,4.5分,"优健康，您掌上的健康风险管理专家，基于中国体检品牌美年大健康和全国公立医院的健康大数据，为您打造一款全面掌握自身身体状况，进行有效健康管理的神器！【体检报告一键领取，数据终身保存】 体检报告手机随时随地查看，方便快捷；历年报告电子化、云存储，各项历史数据全对比，您的健康走势一目了然；【体检报告权威解读】200位医生，搭建您私人的专家顾问团，报告在线解读，再也不用担心各种专业名词看不懂；【定制个性化体检套餐】专业的数据模型，定制专属体检项目，进行有效的健康管理；【健康风险预测】配备全国知名医疗专家团队，根据您的各项体检数据指标，为您预测未来健康风险，防范未然治未病；【家庭健康全管理】家庭健康档案一个账号全管理，关注全家健康状况；购买老人专属体检套餐，孝敬父母；【私人定制健康管理方案】健康管理师一对一制定专属健康管理方案，并全程指导您进行身体健康管理；【个性化健康资讯】切合您健康有关的资讯，让您更了解您的健康情况等相关内容，懂您所需！我们深知产品还有很多不完善的地方，您有任何槽点或建议，欢迎添加我们的公众号：u-jiankang，进行吐槽；同时喵医生将会为您解答疾病相关问题。",优健康,open_end,31.36M,"<div class=""det-othinfo-data"" id=""J_ApkPublishTime"" data-apkpublishtime=""1521464838""></div>",V4.14.1
"<div id=""J_AdvBox"" class=""det-adv""></div>",0,南京矽汇信息技术有限公司,243万下载,3.9分,"全面跟踪孕期的每一天,根据孕期的不同时间段,提供相应的知识。孕妈妈每天都可以通过本应用了解到胎儿的变化、孕妇的生理变化、注意事项、小提醒等等。此外软件还提供怀孕期间所需要准备的物品清单和待产包列表,帮助你更好的做好怀孕、生产的各项准备。",孕期提醒,open_end,33.46M,"<div class=""det-othinfo-data"" id=""J_ApkPublishTime"" data-apkpublishtime=""1520497183""></div>",V7.1.1
"<div id=""J_AdvBox"" class=""det-adv""></div>",0,北京致云致远科技有限公司,604万下载,3.8分,"Feel-移动健康顾问Feel 是一款移动健康应用，更是一种生活哲学。主张每个人都应不断提升自己的健康状况、改善不足与恶习，保持积极健康的生活态度。Feel结合人体健康大数据和人工智能AI算法，并在各领域行业专家的督导与陪伴下，已为超过4500万用户精准定制了50000+种健康管理服务，涵盖十大健康类别，帮您轻松实现健康生活目标。在Feel，我们可以帮您解决：减肥瘦身科学增高健身塑型美容护肤男性、女性私人健康指导优化心理健康状态饮食营养调理和治疗服务慢性病、职业病的管理和治疗产后的身材和心理等问题的调整和恢复改善不良的生活习惯……….以上等等一系列困扰您的生活和健康问题，使用Feel的健康管理服务，能帮您达成健康生活目标，拥有身心健康的平衡状态。带着健康精神和活力体魄投入到为梦想而努力的生活中，积极面对生活和世界，实现完美人生的蜕变。",Feel,open_end,45.09M,"<div class=""det-othinfo-data"" id=""J_ApkPublishTime"" data-apkpublishtime=""1517222088""></div>",V2.1.3
"<div id=""J_AdvBox"" class=""det-adv""></div>",0,华米（北京）信息科技有限公司,1691万下载,2.4分,"小米运动为你提供精准的运动记录，丰富的健身训练视频，详细的睡眠及运动分析。激励你爱上运动，享受积极健康的生活方式，迎接更加美好的自己。  连接多种智能设备 支持小米手环、米动手表青春版、小米体脂秤、小米体重秤、AMAZFIT运动手表、米动智芯等智能设备；  精准记录每次运动 支持跑步、骑行、健走和丰富的减脂、塑型等健身训练内容； 每次运动都能获得专业的运动姿态和心率分析，让运动更加科学有效；  贴心的睡眠管家 深入分析影响睡眠质量的各种因素，并给出改善建议；  全面评测身体状态 通过小米体脂秤检测10项身体成分数据，让减肥更科学，同时也更早发现影响身体健康的风险；  丰富的贴身提醒 无声闹钟振动唤醒自己，无需打扰枕边人； 来电、短信、微信、QQ、邮件等各种贴身提醒，不错过每一个重要信息； 久坐提醒时刻关注你的健康，远离长期久坐给身体带来的伤害；  发现更多乐趣 米动圈分享我的每一次运动，还可以上首页推荐哦； 报名线上活动随时随地大家一起动； 精选商城让资深装备控为你选装备。",小米运动,open_end,35.29M,"<div class=""det-othinfo-data"" id=""J_ApkPublishTime"" data-apkpublishtime=""1519979253""></div>",V3.3.0
"<div id=""J_AdvBox"" class=""det-adv""></div>",0,北京天亚科创软件有限公司,193万下载,4.4分,"男性私人医生是一款针对男生生理健康及相关专科类病症，提供免费在线咨询的健康类服务软件。集合上千家医院的在职医生和资源，自动分配所在地就近医院医生为您提供健康指导，免去挂号难，排队久的困扰，提问流程简单便捷，让您随时随地享受VIP健康咨询服务。(建议允许定位以便能准确分配到所在地医院)。功能优势： 1，快速问诊，按科室按地区进行一对一免费健康咨询。 2，科室齐全，男科健康，口腔，皮肤等12个不同科室可咨询，用户按需选择。3，健康咨询，科学有趣的健康常识，实时更新。 4，免费挂号，预约活动体验和挂号，过程不收取任何费用。5，安全便捷，不需要繁琐的注册流程，用户个人信息完全保密。",男性私人医生,open_end,4.97M,"<div class=""det-othinfo-data"" id=""J_ApkPublishTime"" data-apkpublishtime=""1519642193""></div>",V3.18.0226.1
"<div id=""J_AdvBox"" class=""det-adv""></div>",0,杭州点云信息技术有限公司,570万下载,4.7分,"千万宝妈、专家医生、孕育工具伴您度过一个快乐孕期！产品功能：【柚好时光】柚柚育儿全新改版，成长相册，亲子空间，家庭共享，记录宝宝和妈妈一起成长的每个瞬间！【柚直播】专家讲堂、瑜伽健身、美食甜点、好物推荐。在这里直播辣妈萌宝精彩生活!【母婴问答】妈妈提问，医生解答，千万达人宝妈和您分享亲身育儿经验，专业医生团队给您带来权威婴幼儿护理知识！【知识锦囊】每天都为准妈妈和宝宝推送备孕怀孕育儿知识，提供专业的胎教、早教、孕期指南等相关资讯。【暖心工具】帮您记录大姨妈、排卵期、预产期、疫苗接种、胎儿体重，轻松过孕期，再也不用焦头烂额啦。【优质动态】备孕宝典、育儿心经、儿歌听听、快嘴妈咪、情感驿站......动态不断，看你想看。【柚柚帮】精心打造的妈妈社区，女人的小心思在这里释放。 【柚妈专享】定位同城周边母婴服务，月嫂预定、月子中心、超低折扣；提供特价母婴服务&商品，甩淘宝售价几条街！【活动专区】新手礼包、活动大奖、金币商城，天天好礼送不停！【联系我们】柚柚育儿官方微信公众号：柚柚育儿柚柚育儿官方微博：@柚柚育儿客服QQ：470883265淘宝商家合作：289133373客服邮箱：kefu@maxtong.com",柚柚育儿  怀孕孕期孕妇妈妈宝宝备孕必备,open_end,38.6M,"<div class=""det-othinfo-data"" id=""J_ApkPublishTime"" data-apkpublishtime=""1518165527""></div>",V7.1.5
"<div id=""J_AdvBox"" class=""det-adv""></div>",0,三星（中国）投资有限公司,2316万下载,4.5分,"S 健康提供各项核心功能，帮您健身并保持健康。它将记录并分析您的日常活动和习惯，以帮助保持有成效的饮食，引导健康的生活方式。 无论是散步、跑步、远足、骑自行车还是进行室内或户外运动，您都可以用各种内置跟踪工具，只需一步就能添加并跟踪各种体育锻炼和活动。您还可以用计步器记录步数活动。 可使用内置传感器和第三方设备管理健康和环境记录，例如心率、血压、血糖浓度、压力、体重和血氧饱和度。可使用 Samsung Galaxy 和 Gear 设备管理您的健身活动，跟踪体重并监测饮食。借助自定义动态消息，查看自己偏好的每日健康消息。由健康专业人士提供的提示帮您保持身体强健。平板电脑和某些移动设备可能不受支持。某些功能可能无法使用，具体取决于地区/服务提供商/设备。S 健康要求使用 Android 操作系统 4.4 或更高版本。请注意，S 健康仅用于健身和健康方面的目的，并不用于诊断疾病或其他状况，也不用于治愈、缓解、治疗或预防疾病。S 健康安全保护您的私人健康数据。2016 年 8 月之后发布的所有 Samsung Galaxy 型号，可使用启用 Knox 的 S 健康服务。 请注意，刷机后的手机无法使用启用 Knox 的 S 健康服务。",三星健康,open_end,65.72M,"<div class=""det-othinfo-data"" id=""J_ApkPublishTime"" data-apkpublishtime=""1521438443""></div>",V5.16.0.043
"<div id=""J_AdvBox"" class=""det-adv""></div>",0,北京乐动力网络科技有限公司,1767万下载,4.2分,每日步数统计，记录跑步轨迹，海量健身课程。计算运动热量消耗，帮你轻松拥有好身材。自动记录全天运动轨迹和步数，准确计算卡路里走路跑步得红包，运动打卡有激励，全民健身，有乐动力就够了海量健身教学视频，专家定制从入门到高阶的个性化课程精选内容，社区健身达人带你告别误区超有爱的运动健身软件。全民健身一站式解决，功能涵盖跑步、健身、记步、健康饮食、舒缓疲劳等，帮你随时随地练就完美身材。更有丰厚的红包奖励，达成每日运动任务轻松可得，瘦身赚钱两不误，赶快开始积攒你的健康基金吧。苹果应用商店年度精选应用。CCTV新闻联播都在推荐，快乐大本营明星都在用的运动潮流app。计步之王简单易用省电的计步器，自动记录你的每日跑步、走路里程及消耗热量，全方位掌握自己运动量级。打卡红包每天计步都会按照步数折算成红包，领取后前往商城花花花。覆盖你生活的吃喝玩乐券随你 兑。每周三更有提现活动，红包秒变现金。海量课程海量健身视频课程，专业教练为你量身定制训练方案，不论你是健身小白还是腹肌大咖，总有适合你的课程，随时随地都能开始锻练。合理利用碎片时间，一键进入你的专属健身房。,乐动力,open_end,42.99M,"<div class=""det-othinfo-data"" id=""J_ApkPublishTime"" data-apkpublishtime=""1519626923""></div>",V8.5.1
"<div id=""J_AdvBox"" class=""det-adv""></div>",0,广州悦跑信息科技有限公司,682万下载,4.8分,悦跑圈是市面上最精准的跑步轨迹记录软件，专注于跑步的运动社交类APP。精准的数据记录工具、计步器功能、独有的跑步健身社交圈子……只要你想跑步，想要健康，「悦跑圈」就在这里。 • 跑表族：新增跑表数据接入 不带手机没关系，悦跑圈app可以同步跑表数据，跑步里程随心记录！ • 始创者：线上马拉松 悦跑圈始创线上马拉松，在马拉松活动当天一键报名2016线上马拉松赛事，一切为了更快！ • 减肥帮：室内室外都能跑 户外、跑步机双模式，雾霾、严寒、酷暑再也无法阻止你的脚步，足不出户，悦跑千里！ • 社交狂：知心跑者的狂欢派对 这是跑步爱好者独有的圈子，大神跑者都在这里，知心跑者们，快到圈里来，一起约跑吧！ • 装备控：跑步装备即时交流 添加跑鞋开始跑步，让你的“战靴”成为伙伴，记录它的“寿命”，关注它的状态。 • 百科王：升级你的跑步知识 资讯、装备、训练、跑者故事……尽在「悦跑说」，这里是从跑步小白到资深跑客的跑步干货集中营！ • 正义侠：抵制作弊的排行榜 独有的防作弊体系让你放心跑，唯有跑者能在此争锋！ 联系我们： - 客服电话：400-960-6662 - 新浪微博：@悦跑圈 - 微信账号：joyrunapp - 电子邮箱：hi@thejoyrun.com,悦跑圈,open_end,70.35M,"<div class=""det-othinfo-data"" id=""J_ApkPublishTime"" data-apkpublishtime=""1520824755""></div>",V3.2.0
"<div id=""J_AdvBox"" class=""det-adv""></div>",0,北京慢点生活科技有限公司,1026万下载,4.7分,"【中国运动健康管理类应用领跑者】 【世界排名Top10的移动健康应用】 【小米应用商店金米奖获奖应用】 你走的每一步，都是在投资健康；你坐的每一分钟，都是在透支生命。今天，你是赚了还是赔了？ 立即下载「动动」，让手机一秒变私人健身教练。 遇到更健康的自己，你还有一步之遥。 如出现以下问题： ◎锁屏不计步：可通过升级系统尝试解决 ◎计步不准：请到“计步器设置”中调整相应设置 ◎自动退出：请把「动动」加到清理软件或电池管理软件的“忽略列表” ◎耗电：“计步器设置”中有“省电”和“内置计步器”模式可供选择 徒步健走爱好者？跑步达人？骑行高手？想要改善体质，更加健康？想要控制体重，减肥瘦身？「动动」都是你的理想运动伙伴！ ★无需外设★手环手表太贵，「动动」完全免费 ★使用简单★全天候自动运行，实时记录走路跑步数据 ★精准记录★独有智能算法，精准记录运动数据 ★GPS记录★GPS定位技术，精确追踪运动轨迹 ★数据管理★专业健康数据图表，周月年全面展示 ★减肥神器★量化减肥目标，自动计算卡路里消耗 ★亲友群组★家人好友建组PK，更可邀请微信QQ好友 ★目标打卡★精选健康目标，助你养成健康习惯",动动计步器,open_end,21.31M,"<div class=""det-othinfo-data"" id=""J_ApkPublishTime"" data-apkpublishtime=""1518340149""></div>",V5.2.3.1
"<div id=""J_AdvBox"" class=""det-adv""></div>",0,深圳市护眼宝科技有限公司,996万下载,4.5分,"护眼宝，玩手机必备的护眼工具，4000万人都在用为用户提供专业的护眼方案，帮助用户保护视力、缓解眼睛疲劳、解答各种疑惑，恢复眼睛健康。【防蓝光升级】减少更多蓝光伤害，保护视力【视力训练】萌妹纸教你恢复眼睛健康，护理眼睛【快速自测】眼部问题及时发现，减轻损伤【眼健康百科】专业权威的眼健康百科，避免掉坑【疲劳提醒】定时自动提醒，杜绝眼睛过劳、近视。【健康分析】实时记录玩机次数／时长，提供专业分析。【儿童防沉迷】做家长的手机管家，守护儿童用眼健康。【眼健康社区】近视交流，眼疾交流，专业医师在线回答。",护眼宝防蓝光,open_end,4.16M,"<div class=""det-othinfo-data"" id=""J_ApkPublishTime"" data-apkpublishtime=""1514341411""></div>",V8.5
"<div id=""J_AdvBox"" class=""det-adv""></div>",0,上海大不自多信息科技有限公司,399万下载,4.7分,"【专为户外运动爱好者打造】  1、全国数千万骑行，徒步，户外爱好者和俱乐部都在用！ 2、记录运动轨迹、找户外路线、车店、查路书、获取骑行运动知识等超多实用的功能！ 3、1000万条骑行和户外路书，100多万条社区帖子，众多运动大咖专栏！   【满足你运动的各种需求】 记轨迹：记录你的运动，数据回顾分析一目了然；连设备：兼容最多的第三方运动设备，支持手动导入，统一管理个人运动情况；用路书：户外运动使用路书离线导航，1000万条路书涵盖全球；找组织：数十万骑行、跑步俱乐部，总有适合你的圈子；约骑友：覆盖全国605个城市，线上组织并参与骑行活动，约骑附近的骑友；报比赛：全年数千个骑行、跑步、越野跑比赛，一键报名；新发现：10万条知识库，各种科学前卫的运动知识刷不停； 行者帮：运动圈知名论坛，100多万条帖子，相互交流，共同提升；  炫勋章：数百个个性化勋章，参与特定活动获取；晒运动：与1000万运动爱好者分享运动轨迹，比拼运动热度；  做挑战：月度挑战，年度挑战，集齐12个月度勋章即可入手实体金牌；买装备：正品运动商城，行者专属高科技智能运动装备；找车店：寻找行者官方认证的精品车店，服务门店尽在掌握。",行者骑行,open_end,40.32M,"<div class=""det-othinfo-data"" id=""J_ApkPublishTime"" data-apkpublishtime=""1520234809""></div>",V2.14.2
"<div id=""J_AdvBox"" class=""det-adv""></div>",0,上海丫丫信息科技有限公司,928万下载,4.4分,"专为妈妈群体提供，备孕、怀孕、育儿生活交流分享的社区平台！在妈妈帮，和6000万妈妈共同交流孕育生活。新活动福利：【新用户独享好礼】帮盒子申领、帮宝适新生礼盒【免费福利】奶粉、纸尿裤等超多好礼等你申领【棒棒糖】每日抽好礼，月度前500大礼包寄到你家专业有趣的知识和话题：【个性化内容定制】从个性化的专业知识到社区内容，不同阶段、不同关注点，呈现给你【每日孕育知识】备孕技巧，孕期全面指导，婴幼儿成长指标、养育护理要点等【每日精彩内容】根据你看过的内容，利用强大的数据计算，每天推荐给你相关的内容【同龄同城同趣帮】同龄帮里有同月龄baby，同城帮里有同城市姐妹，同趣里有丰富的兴趣内容实用靠谱的工具：【产检助手】一键拍照上传产检报告，30分钟内收到专业报告解读【备孕神器】准确的排卵测算方法，智能的提醒同房功能【好运体重计】便捷记录，专业计算，更有增重速度和增重范围提醒【能不能吃】从备孕、孕期到宝宝，哪些东西能不能吃，轻松查询，搞得定【藏经阁】汇集千万妈妈的100%实战孕育经验欢迎随时联系我们官方网站：http://www.mmbang.com客服QQ：3227114940官方微信：妈妈帮（微信号： mmbang_com）",妈妈帮,open_end,17.1M,"<div class=""det-othinfo-data"" id=""J_ApkPublishTime"" data-apkpublishtime=""1517966941""></div>",V4.11.3
"<div id=""J_AdvBox"" class=""det-adv""></div>",0,成都乐动信息技术有限公司,1979万下载,4.6分,咕咚，一亿人都在用的运动APP！独树一帜的互联网运动品牌，全球人都在用的运动社交平台，颠覆用户传统运动观念的倡导者和先行者。「数据记录」精准的跑步骑行健走记录和运动数据分析，陪伴你运动。「达人社交」晒动态，讲段子，发视频，玩直播，做网红，头条热门位置已为你预留。「运动百科」运动干货（专业知识）、网红私货（运动故事）、量贩好货（资讯评论）...啥货都有。「训练计划」专业教练课程为你量身制定科学训练计划，助你科学运动不走弯路。「装备优选」一站式运动装备购物体验，好不好我摸着良心；更有咕咚智能装备让运动和科技同行，给你更科学更有效的运动指导，做你私人智能运动专家。「赛事活动」线上线下巨好玩的赛事，奖品多到爆的活动，还有免费装备评测......各种福利等你领走！「发现跑场」寻找离你最近的跑步圣地，展示运动实力，下一个城市跑场之王就是你。「跑团活动」一个人难坚持？这有一群人陪你！加入跑团，从此运动之路永不孤单。「我的钱包」咚豆、各种优惠券等你来领！谁说跑步不能赚钱？给你红包，甩他们一脸！—智能运动，尽在咕咚—更多有趣好玩的等你来发现，我们等你哦！客服电话：400-0606-090-新浪微博:@咕咚网-微信公众号:咕咚/咕咚网,咕咚,open_end,55.44M,"<div class=""det-othinfo-data"" id=""J_ApkPublishTime"" data-apkpublishtime=""1521105424""></div>",V8.15.0
"<div id=""J_AdvBox"" class=""det-adv""></div>",0,北京卡路里科技有限公司,3998万下载,4.2分,"「Keep」— 你的自由运动场，打开 App，即可体验健身、跑步、骑行、计步功能，随时随地练就完美身材。运动中经常遇到的问题：- 工作太忙没有时间去健身房，家里又没有器械- 健身房没有私教指导，不知道如何安全正确地开始健身- 网上攻略太多，不知道哪个靠谱，练了之后没有效果- 天气不好或者没有人陪伴，就选择偷懒，甚至放弃- 健身、跑步、骑行、计步数据分散在各个平台，记录比较分散，对每天的运动数据没有整体的统筹「Keep」解决的方式：- 根据用户场景、健身目的、有无器械编排各种训练计划，4分钟也可以完成一次健身训练- 所有动作均配有视频，标准的动作演示和精确的语言描述带你快速入门- 权威健身专家把控内容，为每个人制定科学的健身计划- 热门城市有趣的跑步路线图，让跑步更有乐趣- 每天上下班如果可以，选择跑步、骑行、步行的出行方式，用 Keep 实时记录运动量，轻松完成当天的运动目标- 只需 Keep 一个平台即可将健身、跑步、骑行、计步数据通通记录，全面了解你的运动数据Keep —自律给我自由！如需要帮助或获取更多信息，请关注和联系：微博 @Keep微信公众号「gotokeep」邮箱 hi@gotokeep.com",Keep,open_end,36.93M,"<div class=""det-othinfo-data"" id=""J_ApkPublishTime"" data-apkpublishtime=""1519885056""></div>",V5.8.1
"<div id=""J_AdvBox"" class=""det-adv""></div>",0,咪咕互动娱乐有限公司,1961万下载,4.9分,"OSCA2016最 佳应用评选 体育最 佳应用奖北京晨报 最 快黑马APP奖咪咕善跑，你的智能运动搭档、私人健康教练运动中时常遇到的问题跑步计步软件太多，不知道哪种才准 确专业运动时缺乏系统科学的指导，导致运动效果差，效率低咪咕善跑贴心解决方案【随身健身教练/专业视频带你入门】根据用户不同的训练阶段选择训练视频，几分钟也可以完成一次健身训练，所有动作均配有视频，标准的动作演示和精确的语言描述带你快速入门【全新跑步界面/最美运动路线推荐】新增特色页及路线页，增加热身、拉伸功能，帮助你远离运动伤害及进行运动后放松【内容展现立体化/海量挑战一网打尽】干货课堂，大V带您了解最 新鲜最专业的运动知识；任务达人，线上挑战、线下参赛，海量挑战一网打尽【运动“朋友圈”/寻找自己的Group】社群动态界面上可展示推荐用户、推荐动态、及关注的好友动态内容，让用户了解跑友们最 新动态，并且实时分享自己的运动心得。寻找自己的集团、跑团，享受专属定制服务。【一键制作酷炫水印/运动生活乐分享】分享流程优化，一键制作酷炫水印照片",咪咕善跑,open_end,66.07M,"<div class=""det-othinfo-data"" id=""J_ApkPublishTime"" data-apkpublishtime=""1521106743""></div>",V3.3.2
"<div id=""J_AdvBox"" class=""det-adv""></div>",0,北京春雨天下软件有限公司,4574万下载,4.3分,"9000万用户正在使用，近50万真实医生在线提供服务，每天33万个问题被解答，3分钟完成回复的问诊就医平台。[快速问诊] 宝宝发烧怎么办，脸上长痘怎么办，化验单看不懂怎么办，足不出户，拍照传图，系统智能推荐医生，3分钟得到医生本人回复[找医生] 50个科室，2000种擅长疾病，近50万医生遍布全国，总有一名能帮到你 [健康方案] 战胜阳痿、远离痘痘、宝宝常见病...都能找到一站式解决方案[热门服务] 极速电话、急诊图文、名医咨询…多场景满足各种问诊咨询[有请大医生] 三甲医院顶尖专家的直播互动节目[自我诊断] 输入症状，智能分析给出诊断意见用户评价1、 来自沈阳的用户医生都很专业，回复也很及时，给我的父母也都装上了，现在已经很少去医院看病，预约挂号难不说，大夫的服务也一般，春雨信誉好 。2、 来自北京的用户平时比较注重个人健康，所以一有不舒服就来春雨医生，很方便，以前也关注过其他产品，像平安好医生、好大夫、就医160等，相比较还是更喜欢春雨。3、 来自云南的用户不用出门，不用排队，医生靠谱，问诊专业，网上医院很方便。",春雨医生,open_end,20.94M,"<div class=""det-othinfo-data"" id=""J_ApkPublishTime"" data-apkpublishtime=""1519803734""></div>",V8.5.7
"<div id=""J_AdvBox"" class=""det-adv""></div>",0,杭州点望科技有限公司,1862万下载,4.7分,"亲宝宝——宝宝成长记录，妈妈育儿助手。从怀孕到育儿，全程记录宝宝成长。支持照片、视频、音频，满足你记录宝宝的各种所需；一人上传全家共享；上传后的宝宝照片、视频支持永久保存，再也不怕手机内存小；孕期提醒，孕妈日记，陪伴怀孕每一天；还有科学实用的育儿宝库，精选权威观点和宝妈妙招，呵护宝宝成长。 【贴心：家人一起记录宝宝成长】- 成长记录：支持照片、视频、音频多种形式......满足记录宝宝成长的各种所需- 照片管理：按拍照时间自动归类，快速找到想看的照片- 大事记：珍藏宝宝值得纪念的瞬间【安心：家人专属的私密空间】- 永久保存：上传的照片、视频等支持永久保存，再也不怕手机内存小- 分享无忧：宝宝成长的喜悦与亲人分享，无需担心被人当做“晒娃狂魔”【放心：丰富又实用的育儿宝库】- 育儿知识：精选权威观点，结合宝妈妙招，守护宝宝成长- 生长发育：身高体重成长曲线，贴心疫苗提醒- 健康食谱：每天精选食谱，宝宝辅食不重样，营养更全面 【联系我们】用户反馈：亲宝宝APP里的反馈，我们会仔细阅读尽早给您回复官方微博：@亲宝宝育儿官方微信：亲宝宝育儿官方网站：www.qbb6.com",亲宝宝,open_end,25.49M,"<div class=""det-othinfo-data"" id=""J_ApkPublishTime"" data-apkpublishtime=""1521541003""></div>",V6.1.4
"<div id=""J_AdvBox"" class=""det-adv""></div>",0,厦门美柚信息科技有限公司,5028万下载,4.5分,-《放学别走》指定APP-2018独得女性恩宠的女生助手，超过1.5亿妹纸在这里！女生必备大姨妈月经期管理软件。-美柚是一款记录经期的APP，更是女性健康生活的正确入口，为女生提供购物、减肥、瘦身、美容、丰胸、星座交流，还可随心切换备孕、怀孕、育儿模式！  【记录大姨妈月经期】只要简单记录大姨妈月经期日期，自动推算大姨妈月经期、排卵期以及减肥美容丰胸时间。  【减肥美容小贴士】根据个人身高提供大姨妈月经期等资料，为我们量身定制个性化减肥美容任务，让我们在减肥美容的道路上事半功倍；  【给不同阶段的关爱】开启大姨妈月经期、备孕、怀孕、育儿四大模式；  【她她圈姐妹】100多个不同女生交流圈，每个圈子都能找到志同道合的姐妹一起聊大姨妈月经期、一起八卦男神、一起吐槽烦心事、一起学化妆、一起减肥、一起美容、一起丰胸、一起研究星座、一起找周边好吃好玩的事情....每天都有好多姐妹陪你，让我们不在无聊。,美柚-大姨妈月经期助手,open_end,49.31M,"<div class=""det-othinfo-data"" id=""J_ApkPublishTime"" data-apkpublishtime=""1521424120""></div>",V6.4
"<div id=""J_AdvBox"" class=""det-adv""></div>",0,平安健康互联网股份有限公司,6339万下载,4.9分,"好医生拥有近千名全职医学团队，医院覆盖30多个省直辖市，3000余家医院，每天帮助40多万人解决难题。【专业医疗服务】医生咨询――7*24小时在线免费提供咨询，2分钟内应答专家问诊——全国几千名三甲名医线上坐诊，深度沟通，诊疗建议更权威在线预约名医――北京中日友好医院、上海长海医院等千余家三甲医院，专家专病，一键预约预约体检――全国1100家体检中心在线预约、报告解读、体检套餐享5折，赠专家医生咨询60次口腔/眼科护理――拜博、瑞尔口腔等全国500家连锁牙科诊所【一站式购药】在线购药――常用药、专科药俱全，专业药师实时提供用药咨询，在线付款健康商城――保健品、药妆、运动用品等五万多款商品送货上门，一站式购健康闪电购药――全国14城市支持1小时闪电送药服务，超时赔付。更有b2c药品支持全国闪电发货。【随身健康锦囊】步步夺金――每月近2000万用户通过步步夺金走出健康好身材，还可兑换商品健康头条――云集专业医生、养生达人，每天个性化推送健康资讯健康直播――健康达人、专家名医常驻直播间健康管家――免费为您定制健康调理课程健康工具――计步器、经期管理等健康工具",平安好医生,open_end,62.55M,"<div class=""det-othinfo-data"" id=""J_ApkPublishTime"" data-apkpublishtime=""1520494884""></div>",V5.10.0
"<div id=""J_AdvBox"" class=""det-adv""></div>",0,北京康智乐思网络科技有限公司,2210万下载,4.9分,"月经期管理软件，大姨妈备孕神器！每个女人的生活必备工具！备孕、怀孕、孕期、育儿，多种模式任您选择！减肥、瘦身、美容、美妆、交友、购物，女生喜欢的东西全在这里！健康专家帮你解惑，健康贴士每天给你贴心提醒，让你不出门就能体验免费的妇科医疗服务！更有经期日历帮你记录数据，关爱女性健康的我们是NO.1！国内首款情侣共用生理期APP，解密两性关系，男生变贤良的小秘密！【月经那些事】月经日期记不清？月经期间要忌口？什么牌子的卫生巾很好用？这些我都能告诉你~【备孕那些事】怀孕也有“高峰期”,什么时候备孕几率高,怀孕期间饮食注意,有哪些事儿需要注意更有利于宝宝的孕育，全程科学备孕让你更安心~ 更多月经期和备孕、怀孕知识就在—大姨吗,用了根本停不下来！",大姨妈月经期助手,open_end,20.97M,"<div class=""det-othinfo-data"" id=""J_ApkPublishTime"" data-apkpublishtime=""1517466689""></div>",V7.9.1
